"Source:","/home/lain/personal/school/clubs/ehardware/ISS-PCB/boards/SP_DAQ/DAQ/DAQ.kicad_sch"
"Date:","Thu 08 Feb 2024 03:56:39 PM CST"
"Tool:","Eeschema 7.0.10"
"Generator:","/usr/share/kicad/plugins/bom_csv_grouped_by_value.py"
"Component Count:","87"

"Collated Components:"

"Item","Qty","Reference(s)","Value","LibPart","Footprint","Datasheet","DNP","Availability","Check_prices","Description","MANUFACTURER","MAXIMUM_PACKAGE_HEIGHT","MF","MP","PARTREV","Package","Price","STANDARD","SnapEDA_Link"
"1","1","A1","ADA3708","ADA3708:ADA3708","DAQ:ADA3708_RPI-ZERO","","","Not in stock","https://www.snapeda.com/parts/ADA3708/Adafruit+Industries+LLC/view-part/?ref=eda","Raspberry Pi Zero WH (Zero W with Headers)","Raspberry","","Adafruit Industries","ADA3708","","None","None","MAnufactutrer Recommendations","https://www.snapeda.com/parts/ADA3708/Adafruit+Industries+LLC/view-part/?ref=snap"
"2","1","B1","BK-18650-PC4","2023-11-14_00-30-29:BK-18650-PC4","DAQ:BK-18650-PC4_MPD","https://www.memoryprotectiondevices.com/datasheets/BK-18650-PC4-datasheet.pdf","","","","","","","","","","","","",""
"3","5","C1, C2, C9, C12, C21","33uF","Device:C","DAQ:TPSD336M020R0200_AVX","https://datasheets.kyocera-avx.com/TPS.pdf","","","","","","","","","","","","",""
"4","15","C3, C10, C16, C22, C23, C24, C25, C26, C27, C28, C29, C30, C31, C32, C33","0.1uF","Device:C","Capacitor_SMD:C_0603_1608Metric","~","","","","","","","","","","","","",""
"5","2","C4, C5","4.7nF","Device:C","Capacitor_SMD:C_0603_1608Metric","~","","","","","","","","","","","","",""
"6","1","C6","0.001uF","Device:C","Capacitor_SMD:C_0603_1608Metric","~","","","","","","","","","","","","",""
"7","4","C7, C8, C18, C19","22uF","Device:C","Capacitor_SMD:C_0603_1608Metric","~","","","","","","","","","","","","",""
"8","1","C11","0.047uF","Device:C","Capacitor_SMD:C_0603_1608Metric","~","","","","","","","","","","","","",""
"9","2","C13, C20","0.47uF","Device:C","Capacitor_SMD:C_0603_1608Metric","~","","","","","","","","","","","","",""
"10","2","C14, C34","1uF","Device:C","Capacitor_SMD:C_0603_1608Metric","~","","","","","","","","","","","","",""
"11","1","C15","220nf","Device:C","Capacitor_SMD:C_0603_1608Metric","~","","","","","","","","","","","","",""
"12","1","C17","2.2uF1","Device:C","Capacitor_SMD:C_0603_1608Metric","~","","","","","","","","","","","","",""
"13","1","C35","100nF","Device:C","Capacitor_SMD:C_0603_1608Metric","~","","","","","","","","","","","","",""
"14","1","C36","4.7uF","Device:C","Capacitor_SMD:C_0603_1608Metric","~","","","","","","","","","","","","",""
"15","5","CR1, CR2, CR3, CR4, CR5","CUS08F30_H3F","CUS08F30,H3F:CUS08F30_H3F","DAQ:USC_TOS","CUS08F30_H3F","","","","","","","","","","","","",""
"16","1","D1","300mA,40V","Device:D_Schottky","Diode_SMD:D_0603_1608Metric","~","","","","","","","","","","","","",""
"17","2","J1, J2","Screw_Terminal_01x16","Connector:Screw_Terminal_01x16","DAQ:CONN16_TB007-508_CUD","~","","","","","","","","","","","","",""
"18","1","J3","USB1130-15-A_REVA","USB1130-15-A:USB1130-15-A_REVA","DAQ:GCT_USB1130-15-A_REVA","","","","","","GCT","7.24mm","","","A","","","Manufacturer Recommendations",""
"19","1","J4","Pressure_Transmitter_Terminals","Connector:Screw_Terminal_01x02","DAQ:CUI_TB007-508-02BE","~","","","","","","","","","","","","",""
"20","1","J5","Load_Cell_terminal","Connector:Screw_Terminal_01x04","DAQ:CUI_TB007-508-04BE","~","","","","","","","","","","","","",""
"21","1","L1","2.2uH","Device:L","DAQ:IND_IHLP-3232DZ_VIS","https://www.digikey.com/en/products/detail/vishay-dale/IHLP3232DZER2R2M01/2657468","","","","","","","","","","","","",""
"22","1","L2","18uH","Device:L","DAQ:IND_BOURNS_SRR6038","~","","","","","","","","","","","","",""
"23","1","MOSFET1","SI2312CDS-T1-GE3","2023-10-16_23-10-03:DMN3404L-7","DAQ:SOT23_DIO","https://www.diodes.com/assets/Datasheets/DMN3404L.pdf","","","","","","","","","","","","",""
"24","2","R1, R12","300k","Device:R_US","Resistor_SMD:R_0603_1608Metric","~","","","","","","","","","","","","",""
"25","1","R2","200k","Device:R_US","Resistor_SMD:R_0603_1608Metric","~","","","","","","","","","","","","",""
"26","1","R3","1.3K","Device:R_US","Resistor_SMD:R_0603_1608Metric","~","","","","","","","","","","","","",""
"27","1","R4","15.6k","Device:R_US","Resistor_SMD:R_0603_1608Metric","~","","","","","","","","","","","","",""
"28","1","R5","17.4k","Device:R_US","Resistor_SMD:R_0603_1608Metric","~","","","","","","","","","","","","",""
"29","1","R6","500","Device:R_US","Resistor_SMD:R_0603_1608Metric","~","","","","","","","","","","","","",""
"30","1","R7","312k","Device:R_US","Resistor_SMD:R_0603_1608Metric","~","","","","","","","","","","","","",""
"31","2","R8, R14","100k","Device:R_US","Resistor_SMD:R_0603_1608Metric","~","","","","","","","","","","","","",""
"32","2","R9, R10","10k","Device:R_US","Resistor_SMD:R_0603_1608Metric","~","","","","","","","","","","","","",""
"33","1","R11","165","Device:R_US","Resistor_SMD:R_0603_1608Metric","~","","","","","","","","","","","","",""
"34","1","R13","365","Device:R_US","Resistor_SMD:R_0603_1608Metric","~","","","","","","","","","","","","",""
"35","6","TP1, TP2, TP3, TP4, TP5, TP6","TestPoint","Connector:TestPoint","TestPoint:TestPoint_Loop_D3.80mm_Drill2.0mm","~","","","","","","","","","","","","",""
"36","1","U1","TPS61089RNRR","2023-10-08_20-14-04:TPS61089RNRR","DAQ:RNR0011A","https://www.ti.com/lit/ds/symlink/tps61089.pdf?HQS=dis-dk-null-digikeymode-dsf-pf-null-wwe&ts=1697232594239&ref_url=https%253A%252F%252Fwww.ti.com%252Fgeneral%252Fdocs%252Fsuppproductinfo.tsp%253FdistId%253D10%2526gotoUrl%253Dhttps%253A%252F%252Fwww.ti.com%252Flit%252Fgpn%252Ftps61089","","","","","","","","","","","","",""
"37","2","U2, U11","INA819ID","2023-10-08_21-16-35:INA819ID","DAQ:D8_TEX","https://www.ti.com/lit/ds/symlink/ina819.pdf?HQS=dis-mous-null-mousermode-dsf-pf-null-wwe&ts=1697232709484&ref_url=https%253A%252F%252Fwww.mouser.com%252F","","","","","","","","","","","","",""
"38","2","U3, U6","MUX507IDWR","2023-10-09_15-43-12:MUX507IDWR","DAQ:DW28_TEX","https://www.ti.com/lit/ds/symlink/mux507.pdf?HQS=dis-mous-null-mousermode-dsf-pf-null-wwe&ts=1697232557511&ref_url=https%253A%252F%252Fwww.mouser.com%252F","","","","","","","","","","","","",""
"39","1","U4","ADC124S051CIMMX/NOPB","2023-10-08_20-30-11:ADC124S051CIMMX_NOPB","DAQ:MUB10A","https://www.ti.com/lit/ds/symlink/adc124s021.pdf?HQS=dis-mous-null-mousermode-dsf-pf-null-wwe&ts=1697232653805&ref_url=https%253A%252F%252Fwww.mouser.com%252F","","","","","","","","","","","","",""
"40","1","U5","LM2664M6X/NOPB","2023-10-08_19-24-11:LM2664M6X_NOPB","DAQ:DBV0006A_N","https://www.ti.com/general/docs/suppproductinfo.tsp?distId=10&gotoUrl=https%3A%2F%2Fwww.ti.com%2Flit%2Fgpn%2Flm2664","","","","","","","","","","","","",""
"41","2","U7, U8","TMP126NDCKR","2023-10-08_20-12-06:TMP126NDCKR","DAQ:SC70-6_DCK_TEX","https://www.ti.com/lit/ds/symlink/tmp126.pdf?HQS=dis-mous-null-mousermode-dsf-pf-null-wwe&ts=1697232454221&ref_url=https%253A%252F%252Fwww.mouser.com%252F","","","","","","","","","","","","",""
"42","1","U9","REF3133AIDBZR","2023-10-08_20-31-41:REF3133AIDBZR","DAQ:DBZ3","https://www.ti.com/lit/ds/symlink/ref3112.pdf?HQS=dis-dk-null-digikeymode-dsf-pf-null-wwe&ts=1697232783279&ref_url=https%253A%252F%252Fwww.ti.com%252Fgeneral%252Fdocs%252Fsuppproductinfo.tsp%253FdistId%253D10%2526gotoUrl%253Dhttps%253A%252F%252Fwww.ti.com%252Flit%252Fgpn%252Fref3112","","","","","","","","","","","","",""
"43","1","U10","TPS6734IDR","2023-10-10_00-40-48:TPS6734IDR","DAQ:D8","https://www.ti.com/lit/ds/slvs127a/slvs127a.pdf","","","","","","","","","","","","",""
"44","1","U12","LM3940IMP-3.3/NOPB","2023-10-13_21-59-37:LM3940IMP-3.3_NOPB","DAQ:MP04A","https://www.ti.com/lit/ds/symlink/lm3940.pdf?ts=1697234356096&ref_url=https%253A%252F%252Fwww.ti.com%252Fproduct%252FLM3940%252Fpart-details%252FLM3940IMP-3.3%252FNOPB","","","","","","","","","","","","",""
"45","1","U13","LM74610QDGKRQ1","2023-10-16_22-44-49:LM74610QDGKRQ1","DAQ:DGK0008A_N","https://www.ti.com/lit/ds/symlink/lm74610-q1.pdf?HQS=dis-mous-null-mousermode-dsf-pf-null-wwe&ts=1701489097349&ref_url=https%253A%252F%252Fwww.mouser.com%252F","","","","","","","","","","","","",""
"46","1","U14","LMV321IDCKR","LMV321IDCKR:LMV321IDCKR","DAQ:DCK5","https://rocelec.widen.net/view/pdf/hsbslfymvc/slos263w.pdf?t.download=true&u=5oefqw","","","","","","","","","","","","",""
"47","1","U15","LPS25HBTR","LPS25HBTR:LPS25HBTR","DAQ:HLGA10_2P5X2P5_STM","https://www.st.com/content/ccc/resource/technical/document/datasheet/9a/4c/aa/72/1f/45/4e/24/DM00141379.pdf/files/DM00141379.pdf/jcr:content/translations/en.DM00141379.pdf","","","","","","","","","","","","",""
